"","OS_statut","NumberOfPatients","perc"
"1","alive",81,19.4244604316547
"2","dead",175,41.9664268585132
"3","lost to follow-up",3,0.719424460431655
"4",NA,158,37.8896882494005
