"","BOR","NumberOfPatients","perc"
"1","CR",79,18.9448441247002
"2","PD",141,33.8129496402878
"3","PR",135,32.3741007194245
"4","SD",55,13.189448441247
"5",NA,7,1.67865707434053
