"","LDH","NumberOfPatients","perc"
"1","elevated",115,27.5779376498801
"2","normal",159,38.1294964028777
"3",NA,143,34.2925659472422
