"","drug","NumberOfPatients","perc"
"1","dabrafenib",48,11.5107913669065
"2","dabrafenib + trametinib",94,22.5419664268585
"3","lgx818 +mek 162",1,0.239808153477218
"4","nan",1,0.239808153477218
"5","vemurafenib",204,48.9208633093525
"6","vemurafenib + cobimetinib",69,16.5467625899281
